{"rooms": 14.498077822743584, "sqft": 9688.114546346314, "bais": -2.585224976256717}